subredditA,subredditB,weight
Anarcho_Capitalism,The_Donald,3
nintendo,xboxone,9
business,worldnews,3
aww,funny,3
aww,worldnews,6
aww,gaming,3
PrequelMemes,beholdthemasterrace,3
Browns,WahoosTipi,3
Browns,detroitlions,3
Conservative,Cricket,3
Nerf,mildlyinteresting,3
AnimalsBeingJerks,thalassophobia,3
NatureIsFuckingLit,gifs,3
Competitiveoverwatch,The_Donald,3
MakeupAddiction,signupsforpay,3
AskReddit,Showerthoughts,14
AskReddit,news,5
AskReddit,nottheonion,5
AskReddit,gaming,7
AskReddit,Conting,36
AskReddit,antimatterindustries,36
AskReddit,counting_in_the_wild,18
AskReddit,deadcounting,36
AskReddit,epicthread,18
AskReddit,livedeadcounting,18
AskReddit,promos,18
AskReddit,mildlyinteresting,4
AskReddit,personalfinance,4
AskReddit,relationships,3
AskReddit,todayilearned,4
AskReddit,CasualConversation,3
AskReddit,politics,6
AskReddit,watchpeopledie,3
AskReddit,IAmA,8
AskReddit,funny,8
AskReddit,aww,12
AskReddit,worldnews,3
AskReddit,LifeProTips,3
AskReddit,askgaybros,3
SaraJUnderwood,gonewild,3
FFBraveExvius,gaming,6
blunderyears,interestingasfuck,3
Android,Rainbow6,3
Android,dbz,3
SubredditDrama,Whatcouldgowrong,3
DesignerReps,europe,6
boobs,destiny2,4
boobs,realasians,8
LifeProTips,PS4,3
LifeProTips,RocketLeagueExchange,3
Cardinals,baseball,3
cars,nba,6
news,science,3
news,vegan,3
news,worldnews,3
funny,gifs,3
funny,raisedbynarcissists,3
funny,traaaaaaannnnnnnnnns,3
funny,wow,3
AsianHotties,AsiansGoneWild,3
pics,space,3
JapanTravel,Tokyo,3
DirtySnapChatPals,DirtySnapchat,6
Ford,freefolk,3
Ford,Whatcouldgowrong,6
Ford,bayarea,6
Ford,niceguys,6
Ford,proED,6
BustyPetite,PeopleFuckingDying,3
AskMen,PurplePillDebate,3
Fantasy,dndnext,3
linuxhardware,linuxquestions,3
im14andthisisdeep,notliketheothergirls,6
EarthPorn,heroesofthestorm,3
The_Crew,porninfifteenseconds,3
AlexisRen,Celebs,3
Advice,relationships,3
DarkSouls2,funny,3
ImagesOfArgentina,ImagesOfCalifornia,10
ImagesOfArgentina,ImagesOfFrance,10
ImagesOfArgentina,ImagesOfNetherlands,10
ImagesOfArgentina,ImagesOfNewZealand,10
ImagesOfArgentina,ImagesOfSpain,20
ImagesOfArgentina,ImagesOfTaiwan,20
ImagesOfArgentina,ImagesOfThe2010s,20
ImagesOfArgentina,ImagesOfUSA,10
ladyladyboners,momson,3
Glocks,ak47,3
CAguns,liberalgunowners,3
JordanPeterson,samharris,3
PS4,fo4,3
forza,mildlyinteresting,3
4PanelCringe,CODZombies,3
MMA,Shitty_Car_Mods,3
MMA,asmr,3
Slackline,nathanforyou,3
holdmybeer,mildlyinteresting,3
democrats,news,3
videos,youseeingthisshit,3
videos,worldnews,3
GreenBayPackers,eagles,3
mycology,shrooms,3
Nanny,Parenting,12
Rainbow6,funny,4
Rainbow6,mildlyinteresting,12
4chan,wallstreetbets,3
4chan,Rainbow6,3
CatastrophicFailure,evilbuildings,4
CatastrophicFailure,trashy,4
AskOuija,poop,3
NoFap,NoFapWomen,3
NoFap,horror,3
NoFap,infp,3
HomeworkHelp,todayilearned,3
galactic_senate,roleplayfantasy,3
blackmagicfuckery,itookapicture,3
MovieposterFans,NoSillySuffix,12
cats,gaming,3
cats,iphone,12
duolingo,russian,6
ClashRoyale,Drugs,3
ClashRoyale,darkjokes,12
milliondollarextreme,politics,6
JusticeServed,iamverysmart,3
electricians,skyrim,3
FIFA,pcmasterrace,3
ADHD,stopdrinking,6
Gaming4Gamers,nintendo,3
StarWarsBattlefront,forza,3
fantasyfootball,nfl,3
SULeaks,stevenuniverse,3
RPGStuck,RPGStuck_C4,6
OkCupid,malefashionadvice,3
AdviceAnimals,The_Dotard,3
deeeepio,deeeepioartworks,3
fireemblem,investing,4
fireemblem,movies,4
Kaiserreich,philosophy,3
iamverybadass,lotr,3
sports,tf2,3
NBA2k,nba,3
CFB,WWE,6
CFB,ockytop,9
CFB,FloridaGators,6
CFB,nfl,6
DrugStashes,NSFWFunny,8
DrugStashes,ProRevenge,4
DestinyTheGame,anime,3
WWE,leagueoflegends,3
Forgotten_Realms,Warhammer40k,3
AMA,Advice,6
2007scape,Accounting,396
2007scape,Advice,396
2007scape,AdviceAnimals,396
2007scape,AlbumArtPorn,396
2007scape,AlmostParkour,396
2007scape,Animewallpaper,396
2007scape,Anxiety,396
2007scape,AnythingGoesNews,396
2007scape,AskAnAmerican,396
2007scape,AskReddit,15444
2007scape,AskRedditAfterDark,792
2007scape,AskThe_Donald,396
2007scape,Atlanta,396
2007scape,AtlantaUnited,396
2007scape,BABYMETAL,396
2007scape,BathBomb,396
2007scape,Bitcoin,396
2007scape,CFB,5148
2007scape,COMPLETEANARCHY,396
2007scape,Calgary,792
2007scape,CanadianForces,396
2007scape,CatastrophicFailure,396
2007scape,CatsAreAssholes,396
2007scape,ChapoTrapHouse,396
2007scape,ClashRoyale,396
2007scape,ComedyCemetery,792
2007scape,Competitiveoverwatch,396
2007scape,Conservative,396
2007scape,CringeAnarchy,1188
2007scape,CuteLittleButts,396
2007scape,DFO,396
2007scape,DIY,792
2007scape,DIY_eJuice,396
2007scape,DankNation,396
2007scape,DarkNetMarkets,396
2007scape,DebateAChristian,792
2007scape,DesignPorn,396
2007scape,DestinyTheGame,792
2007scape,Diablo,396
2007scape,DirtySnapchat,1188
2007scape,Dodgers,396
2007scape,DotA2,1584
2007scape,DotaConcepts,396
2007scape,Drama,396
2007scape,DrugStashes,396
2007scape,Drugs,396
2007scape,EngineeringStudents,396
2007scape,Etizolam,792
2007scape,FFRecordKeeper,396
2007scape,FIFA,396
2007scape,FantasyPL,396
2007scape,Fantasy_Football,396
2007scape,FashionReps,1584
2007scape,FashionRepsBST,396
2007scape,Fireteams,1584
2007scape,Fishing,792
2007scape,Fitness,396
2007scape,Futurology,396
2007scape,Games,396
2007scape,GlobalOffensive,2376
2007scape,Guildwars2,1584
2007scape,Guitar,792
2007scape,Gunpla,396
2007scape,Huskers,396
2007scape,IAmA,396
2007scape,Ice_Poseidon,3564
2007scape,ImGoingToHellForThis,792
2007scape,Incels,2376
2007scape,Inktober,396
2007scape,Jokes,396
2007scape,JordanPeterson,396
2007scape,JusticeServed,396
2007scape,KCRoyals,396
2007scape,KansasCityChiefs,396
2007scape,Kappa,396
2007scape,Kawaiiikitten,396
2007scape,Kikpals,396
2007scape,KotakuInAction,792
2007scape,LINKTrader,396
2007scape,LateStageCapitalism,396
2007scape,LearnUselessTalents,396
2007scape,Libertarian,396
2007scape,LifeProTips,1980
2007scape,LiverpoolFC,396
2007scape,LondonSocialClub,396
2007scape,Louisville,396
2007scape,MLBTheShow,792
2007scape,MLS,1188
2007scape,MMA,1188
2007scape,MTB,396
2007scape,MURICA,396
2007scape,MaddenUltimateTeam,792
2007scape,MakeupAddiction,396
2007scape,MapPorn,396
2007scape,Meditation,396
2007scape,Monitors,396
2007scape,MoviePassClub,396
2007scape,NASCAR,396
2007scape,NBA2k,396
2007scape,NanatsunoTaizai,396
2007scape,Nationals,396
2007scape,NeckbeardNests,396
2007scape,NeutralPolitics,396
2007scape,NintendoSwitch,396
2007scape,NoFap,396
2007scape,NoMansSkyTheGame,396
2007scape,NoStupidQuestions,792
2007scape,OkCupid,792
2007scape,OldSchoolCool,792
2007scape,OnePiece,396
2007scape,OnePieceTC,792
2007scape,OutOfTheLoop,396
2007scape,Overwatch,396
2007scape,PS4,792
2007scape,PUBATTLEGROUNDS,396
2007scape,Page3Glamour,396
2007scape,Paramore,396
2007scape,PatreonGirls,396
2007scape,PetiteGoneWild,792
2007scape,Philippines,396
2007scape,PhotoshopRequest,396
2007scape,PickUpTorrents,396
2007scape,PokemonGoMPLS,396
2007scape,PoliticalHumor,1980
2007scape,Portland,396
2007scape,Prematurecelebration,396
2007scape,PrettyGirls,396
2007scape,ProtectAndServe,792
2007scape,PublicFreakout,396
2007scape,PurplePillDebate,396
2007scape,R6STeams,396
2007scape,RWBY,396
2007scape,Rainbow6,396
2007scape,RandomActsOfBlowJob,396
2007scape,Rateme,396
2007scape,RedLetterMedia,396
2007scape,RichmondFC,396
2007scape,RocketLeagueExchange,3564
2007scape,RotMG,396
2007scape,SanctionedSuicide,1188
2007scape,Sat,396
2007scape,Sexsells,396
2007scape,Shoplifting,396
2007scape,ShouldIbuythisgame,396
2007scape,Showerthoughts,1584
2007scape,Smite,396
2007scape,Sneakers,396
2007scape,SquaredCircle,2376
2007scape,StLouis,396
2007scape,StarWars,396
2007scape,StarWarsLeaks,396
2007scape,Stargate,396
2007scape,Stellaris,396
2007scape,Steroidsourcetalk,792
2007scape,StockMarket,396
2007scape,SubredditDrama,792
2007scape,Supplements,396
2007scape,TarkovTrading,396
2007scape,TeenMomOGandTeenMom2,396
2007scape,Tennessee,396
2007scape,TheMassive,396
2007scape,TheOrville,396
2007scape,TheRedPill,396
2007scape,The_Donald,3168
2007scape,Tinder,1188
2007scape,TradeRouteDNM,396
2007scape,TrollXChromosomes,792
2007scape,TrumpCriticizesTrump,396
2007scape,TwoXChromosomes,3168
2007scape,UBC,396
2007scape,UKPersonalFinance,396
2007scape,Volkswagen,396
2007scape,WWEGames,396
2007scape,WahoosTipi,396
2007scape,WarCollege,396
2007scape,WatchItForThePlot,1188
2007scape,WebGames,396
2007scape,Whatcouldgowrong,396
2007scape,WredditCountryClub,396
2007scape,WritingPrompts,396
2007scape,Zappa,396
2007scape,absolver,1188
2007scape,albiononline,396
2007scape,amiugly,1584
2007scape,androidapps,396
2007scape,anime,1980
2007scape,apple,396
2007scape,ar15,396
2007scape,asianamerican,396
2007scape,askscience,396
2007scape,asoiafcirclejerk,396
2007scape,assholedesign,396
2007scape,atheism,396
2007scape,australia,396
2007scape,aviation,396
2007scape,aww,792
2007scape,aznidentity,396
2007scape,baseball,1188
2007scape,beards,396
2007scape,beermoney,396
2007scape,beholdthemasterrace,396
2007scape,berserklejerk,396
2007scape,bloodborne,396
2007scape,bonnaroo,396
2007scape,books,396
2007scape,brasil,792
2007scape,britishproblems,396
2007scape,buildapc,396
2007scape,buildapcsales,396
2007scape,cars,396
2007scape,cats,396
2007scape,changemyview,396
2007scape,chicagor4r,396
2007scape,churning,396
2007scape,cocaine,396
2007scape,collegesluts,396
2007scape,colorizebot,396
2007scape,comedynecromancy,396
2007scape,comics,396
2007scape,conspiracy,2772
2007scape,counting,396
2007scape,cpp,396
2007scape,cscareerquestions,396
2007scape,dankmemes,396
2007scape,dbz,396
2007scape,depression,396
2007scape,devils,396
2007scape,dirtypenpals,792
2007scape,dirtyr4r,792
2007scape,dndnext,396
2007scape,drugscirclejerk,396
2007scape,drunkenpeasants,396
2007scape,eagles,396
2007scape,edc_raffle,15048
2007scape,educationalgifs,396
2007scape,electronic_cigarette,396
2007scape,evilbuildings,396
2007scape,exjw,396
2007scape,exmuslim,396
2007scape,explainlikeimfive,396
2007scape,fakeid,396
2007scape,fantasyfootball,396
2007scape,femalefashionadvice,396
2007scape,ffxiv,1188
2007scape,flying,396
2007scape,fo4,396
2007scape,food,792
2007scape,forhonor,396
2007scape,freefolk,396
2007scape,freeuse,396
2007scape,funhaus,396
2007scape,funkoswap,396
2007scape,funny,3168
2007scape,gaming,1980
2007scape,geopolitics,792
2007scape,ghostnipples,396
2007scape,gifs,1188
2007scape,goldenretrievers,396
2007scape,gonewild,2376
2007scape,gonewildchubby,396
2007scape,google,396
2007scape,hamptonbrandon,396
2007scape,history,396
2007scape,hivaids,396
2007scape,hmmm,396
2007scape,hockey,1584
2007scape,holdmycosmo,396
2007scape,holdthemoan,396
2007scape,hottiesfortrump,396
2007scape,interestingasfuck,396
2007scape,investing,396
2007scape,iphone,396
2007scape,islam,396
2007scape,jailbreak,396
2007scape,jobs,396
2007scape,kekistan,396
2007scape,keto,792
2007scape,killthosewhodisagree,396
2007scape,kotor,396
2007scape,latterdaysaints,396
2007scape,leagueoflegends,2376
2007scape,learnmath,396
2007scape,legaladvice,1980
2007scape,lego,792
2007scape,longbeach,396
2007scape,malefashionadvice,396
2007scape,manga,396
2007scape,maryland,396
2007scape,mashups,396
2007scape,math,396
2007scape,me_irl,396
2007scape,medicalschool,792
2007scape,mega64,396
2007scape,megalinks,396
2007scape,metacanada,396
2007scape,microgrowery,396
2007scape,mildlyinfuriating,396
2007scape,mildlyinteresting,792
2007scape,miniSNES,396
2007scape,minnesotatwins,396
2007scape,mitchjones,396
2007scape,muacjdiscussion,396
2007scape,natureismetal,396
2007scape,nba,3564
2007scape,nbastreams,2772
2007scape,neoliberal,2772
2007scape,neovim,396
2007scape,netflix,396
2007scape,news,11088
2007scape,nfl,792
2007scape,niceguys,396
2007scape,nintendo,396
2007scape,nononono,396
2007scape,nursing,396
2007scape,ockytop,396
2007scape,offbeat,396
2007scape,oldpeoplefacebook,396
2007scape,oneplus,396
2007scape,osugame,396
2007scape,palmsprings,396
2007scape,paragon,396
2007scape,pathofexile,396
2007scape,pcars,396
2007scape,pcmasterrace,1188
2007scape,personalfinance,396
2007scape,pettyrevenge,396
2007scape,pics,2376
2007scape,politics,4752
2007scape,productivity,396
2007scape,pussypassdenied,396
2007scape,raisedbynarcissists,396
2007scape,recipe,396
2007scape,relationships,3564
2007scape,rickandmorty,396
2007scape,rugbyunion,1188
2007scape,runescape,792
2007scape,rupaulsdragrace,2376
2007scape,sadcringe,396
2007scape,science,1584
2007scape,seduction,396
2007scape,selfie,396
2007scape,sex,792
2007scape,shittyfoodporn,396
2007scape,smashbros,792
2007scape,smilers,396
2007scape,soccer,396
2007scape,soccerstreams,396
2007scape,space,1584
2007scape,sports,792
2007scape,starterpacks,792
2007scape,startrek,1188
2007scape,stopsmoking,396
2007scape,summonerswar,396
2007scape,supremeclothing,396
2007scape,sweden,792
2007scape,sydney,792
2007scape,synthesizers,396
2007scape,tailplug,396
2007scape,tax,396
2007scape,teenagers,4356
2007scape,television,1188
2007scape,teslamotors,396
2007scape,thewalkingdead,396
2007scape,theydidthemath,396
2007scape,tifu,792
2007scape,todayilearned,396
2007scape,toronto,396
2007scape,torontocraftbeer,396
2007scape,totalwar,792
2007scape,traaaaaaannnnnnnnnns,792
2007scape,trees,396
2007scape,twice,396
2007scape,twinpeaks,396
2007scape,ukpolitics,396
2007scape,unitedkingdom,396
2007scape,unpopularopinion,1584
2007scape,vegan,1188
2007scape,vegancirclejerk,396
2007scape,videos,2376
2007scape,waltonchain,792
2007scape,watchpeopledie,396
2007scape,weddingplanning,396
2007scape,weekendgunnit,396
2007scape,westworld,396
2007scape,whatisthisthing,396
2007scape,wholesomememes,396
2007scape,woahdude,396
2007scape,woodworking,396
2007scape,worldnews,2772
2007scape,wowservers,396
2007scape,xboxone,396
2007scape,yokaitrade,2376
2007scape,youtubehaiku,396
2007scape,yugioh,396
JUSTNOMIL,PeopleFuckingDying,3
GreypoCounting,TOP_20,4
GreypoCounting,amazingpikachu_38,4
BreakoutBoyz,RocketLeagueExchange,3
ColoradoRockies,SupersRP,3
java,programming,3
gaming,thinkpad,3
IncelTears,Incels,6
AccidentalRenaissance,conspiracy,6
AccidentalRenaissance,facepalm,6
AccidentalRenaissance,iamverysmart,6
AccidentalRenaissance,indianpeoplefacebook,6
ForeverAlone,PurplePillDebate,9
OpTicGaming,learnprogramming,3
BitcoinMarkets,btc,3
AtlantaUnited,MLS,6
gtaonline,stalker,3
marijuanaenthusiasts,slashdiablo,3
GhostAdventures,movies,3
Calgary,canada,3
AskOldPeople,gifs,3
ColorizedHistory,shittyfoodporn,3
Ice_Poseidon,PewdiepieSubmissions,4
Ice_Poseidon,todoist,4
Shoplifting,casualiama,3
ARG,PokeCamDrome,3
SkincareAddiction,dogs,3
trees,unt,6
ShieldAndroidTV,homeautomation,3
CrazyIdeas,Terraria,6
ChantelJeffries,Sabrina_Nichole,3
FocusST,LifeProTips,4
FocusST,pcmasterrace,4
AndroidQuestions,gopro,3
Philippines,phr4r,3
Anarchism,TwoXChromosomes,3
ATBGE,texas,4
ATBGE,uber,4
TimHortons,oddlysatisfying,3
BPD,sneakpeekbot,3
BPD,PvZHeroes,4
BPD,berserklejerk,4
AskAnAmerican,pussypassdenied,3
MovieSuggestions,Showerthoughts,4
MovieSuggestions,aww,4
linux4noobs,linuxquestions,3
baseball,neoliberal,3
crafts,somethingimade,36
Leica,aww,5
Leica,politics,5
Leica,technology,5
CanadianMOMs,TheWire,3
CanadianMOMs,WeedDeals,3
BastionQuestHQ,worldpowers,3
PrimeiraLiga,hiphopheads,12
Serendipity,kindle,3
drunk,forwardsfromgrandma,3
The_Division,thedivision,6
HighlySuspect,wolfalice,3
askgaybros,relationship_advice,3
Pokemonexchange,pokemontrades,3
graphic_design,zelda,3
nba,russiansfacebook,3
MW2,lotr,3
Alt_Hapa,Amd,7
Alt_Hapa,IAmA,7
Alt_Hapa,comicbooks,7
Alt_Hapa,steroids,7
Alt_Hapa,teenagers,7
boatbuilding,funny,3
HelloInternet,riddles,3
FragReddit,combinedgifs,4
FragReddit,twentyonepilots,4
